epoch,train_loss,train_acc,val_loss,val_acc,lr,time,val_mrl,val_cew
1,0.4422883093357086,0.7612811923027039,0.06371389329433441,0.9658115187345495,0.002,13.685160160064697,0.9785843634359499,0.9530386740331491
2,0.16843941807746887,0.9328785538673401,0.046666692942380905,0.9644629278331501,0.0019941379571543597,12.4896559715271,0.9841744744508306,0.9447513812154696
3,0.14409171044826508,0.9429617524147034,0.04036642611026764,0.9755700164558322,0.0019766205557100866,12.362033128738403,0.9856704196519959,0.9654696132596685
4,0.13080331683158875,0.9485191106796265,0.04461780562996864,0.9673828266882888,0.0019476531711828025,12.431113958358765,0.9844894102826549,0.9502762430939227
5,0.12045679986476898,0.9541431069374084,0.04545911028981209,0.9712902712232604,0.0019075754196709572,12.13306713104248,0.9840170065349185,0.9585635359116023
6,0.11487432569265366,0.9555574059486389,0.043723322451114655,0.9799138689649443,0.0018568571761675891,12.359441041946411,0.983308400913314,0.9765193370165746
7,0.10861063748598099,0.9577704071998596,0.041017260402441025,0.9768724979674894,0.0017960930657056437,12.281002044677734,0.9855129517360838,0.9682320441988951
8,0.10219623893499374,0.9601331353187561,0.039628613740205765,0.9799892317175183,0.0017259954919231308,12.235857009887695,0.9862215573576883,0.9737569060773481
9,0.09936778992414474,0.9611480832099915,0.0401986762881279,0.9794380940118258,0.0016473862847818275,12.187316179275513,0.9851192819463035,0.9737569060773481
10,0.09991790354251862,0.962013304233551,0.045747753232717514,0.9657046732736492,0.0015611870653623823,12.223609685897827,0.9852767498622156,0.9461325966850829
11,0.09381719678640366,0.9628618955612183,0.03636449947953224,0.97748437174434,0.0014684084406997903,11.994175910949707,0.9853554838201717,0.9696132596685083
12,0.09253536909818649,0.9638269543647766,0.03755364567041397,0.9810555113553072,0.0013701381553399145,12.191395044326782,0.9855916856940399,0.9765193370165746
13,0.08728968352079391,0.966356098651886,0.041871801018714905,0.9711508011941462,0.0012675283385292207,12.327881097793579,0.9851192819463035,0.9571823204419889
14,0.08338817954063416,0.9677038192749023,0.035317063331604004,0.9813097111159734,0.001161781996552765,12.197189092636108,0.9874813006849854,0.9751381215469613
15,0.08374127745628357,0.969018280506134,0.037724819034338,0.981903587006026,0.0010541389085854177,12.22443175315857,0.9859066215258641,0.9779005524861878
16,0.08024649322032928,0.969251275062561,0.037448231130838394,0.9758849522876565,0.0009458610914145825,12.169806003570557,0.9863002913156445,0.9654696132596685
17,0.07960104197263718,0.9699334502220154,0.03926830738782883,0.9794774609908038,0.0008382180034472353,12.21632194519043,0.9851980159042595,0.9737569060773481
18,0.07617228478193283,0.9710149765014648,0.037722550332546234,0.9834209012993713,0.0007324716614707794,12.876845121383667,0.9875600346429415,0.9792817679558011
19,0.07284807413816452,0.972412645816803,0.03463186323642731,0.9799678626253381,0.0006298618446600856,12.588037967681885,0.9875600346429415,0.9723756906077348
20,0.07382625341415405,0.9720632433891296,0.033250659704208374,0.9816066490609996,0.00053159155930021,12.0333571434021,0.9866939611054247,0.9765193370165746
21,0.07203294336795807,0.9716805219650269,0.03274233266711235,0.9836964701522175,0.00043881293463761775,11.983304977416992,0.988111172348634,0.9792817679558011
22,0.06886425614356995,0.9736438989639282,0.03448273614048958,0.9801253305412503,0.00035261371521817233,12.25571608543396,0.9878749704747658,0.9723756906077348
23,0.06650888919830322,0.9741763472557068,0.0314703993499279,0.9817821148637098,0.00027400450807686915,12.062474966049194,0.9884261081804583,0.9751381215469613
24,0.064060740172863,0.9759068489074707,0.030715586617588997,0.9805583673100087,0.00020390693429435625,12.17661190032959,0.9887410440122825,0.9723756906077348
25,0.06407657265663147,0.975307822227478,0.03153274953365326,0.9808339361628549,0.00014314282383241073,12.045663118362427,0.989292181717975,0.9723756906077348
26,0.0638422891497612,0.9759567379951477,0.03226378932595253,0.982018316737578,9.24245803290431e-05,12.014882802963257,0.9888985119281947,0.9751381215469613
27,0.060395799577236176,0.9769716858863831,0.03187194839119911,0.9825120895774944,5.234682881719766e-05,12.057811975479126,0.9885048421384143,0.9765193370165746
28,0.06158659607172012,0.9757404327392578,0.031152430921792984,0.9828270254093188,2.3379444289913342e-05,11.961061954498291,0.9891347138020629,0.9765193370165746
29,0.061050042510032654,0.9768219590187073,0.031811755150556564,0.982018316737578,5.862042845640403e-06,12.204546928405762,0.9888985119281947,0.9751381215469613
30,0.06084877997636795,0.9765723943710327,0.031654927879571915,0.9825908235354506,0.0,11.954498767852783,0.9886623100543265,0.9765193370165746
